{"cameraMode":{"drawMode":0,"name":"Shaded","section":"Shading Mode"},"sceneLighting":false,"audioPlay":false,"sceneViewState":{"showFog":true,"showMaterialUpdate":false,"showSkybox":false,"showFlares":true,"showImageEffects":true,"showParticleSystems":true},"in2DMode":false,"pivot":{"x":356.7431335449219,"y":267.01019287109377,"z":-180.423583984375},"rotation":{"x":-0.05247650295495987,"y":0.009295275434851647,"z":-0.00048820007941685617,"w":-0.9985787868499756},"size":2202.95849609375,"orthographic":false}